{"cameraMode":{"drawMode":0,"name":"Shaded","section":"Shading Mode"},"sceneLighting":false,"audioPlay":false,"sceneViewState":{"showFog":true,"showMaterialUpdate":false,"showSkybox":false,"showFlares":true,"showImageEffects":true,"showParticleSystems":true},"in2DMode":false,"pivot":{"x":514.170654296875,"y":179.86964416503907,"z":-0.59942626953125},"rotation":{"x":-0.018308810889720918,"y":0.002096450887620449,"z":-0.000040479997551301494,"w":-0.9998383522033691},"size":776.7267456054688,"orthographic":false}